Workbook

Sheet Ca kiểm thử thủ công
A1: ID | B1: Hạng mục | C1: Mức ưu tiên | D1: Nền tảng | E1: Điều kiện tiên quyết | F1: Các bước kiểm thử | G1: Kết quả mong đợi | H1: Trạng thái | I1: Kết quả thực tế / Bằng chứng | J1: Lỗi / Vấn đề | K1: Kiểm thử lại | L1: Ghi chú
A2: MT-001 | B2: Cài đặt | C2: P0 | D2: Windows | E2: Hồ sơ Windows mới; PowerShell; có Internet; Node/npm phiên bản hỗ trợ đã được cài sẵn | F2: Chạy install.ps1 ở thư mục gốc từ GitHub. Sau đó chạy: Get-Command codexm,codexmm,codexmc,codexmh,codexmctl. | G2: Trình cài đặt hoàn tất; tái sử dụng Node/npm hiện có; cả 5 lệnh đều nhận diện được; Codex chính thức không bị thay đổi. | H2: CHƯA CHẠY | K2: KHÔNG
A3: MT-002 | B3: Cài đặt | C3: P0 | D3: Windows | E3: Máy/hồ sơ mới chưa có cả Node lẫn npm; có winget | F3: Chạy install.ps1 ở thư mục gốc. Ghi lại phiên bản Node/npm trước và sau khi cài. | G3: Trình cài đặt cài Node.js LTS hiện tại qua winget kèm npm, sau đó cài Monitor thành công. | H3: CHƯA CHẠY | K3: KHÔNG
A4: MT-003 | B4: Cài đặt | C4: P0 | D4: Windows | E4: Đang có Node phiên bản không hỗ trợ hoặc bộ Node/npm không đầy đủ | F4: Chạy install.ps1 ở thư mục gốc. | G4: Trình cài đặt dừng với thông báo có thể xử lý được; không tự nâng cấp/thay thế Node/npm dùng chung hiện có. | H4: CHƯA CHẠY | K4: KHÔNG
A5: MT-004 | B5: Cài đặt | C5: P1 | D5: Windows | E5: Không có lệnh codex chính thức | F5: Chạy install.ps1 ở thư mục gốc. | G5: Monitor vẫn có thể cài; trình cài đặt cảnh báo Codex chính thức chưa có và không tự cài Codex. | H5: CHƯA CHẠY | K5: KHÔNG
A6: MT-005 | B6: Cài đặt | C6: P0 | D6: Windows | E6: Monitor đã được cài | F6: Chạy lại trình cài đặt. | G6: Bản cài Monitor được nhận diện và thay thế an toàn; npm ci/link thành công; không ghi đè shim lệnh không thuộc Monitor. | H6: CHƯA CHẠY | K6: KHÔNG
A7: MT-006 | B7: Nhóm lệnh | C7: P0 | D7: Windows | E7: Monitor đã được cài | F7: Chạy codexmh; codexmm -h; codexmc -h; codexmctl. | G7: Nhóm lệnh riêng của Monitor hiển thị đúng và ngôn ngữ Help theo ngôn ngữ Monitor đã lưu. | H7: CHƯA CHẠY | K7: KHÔNG
A8: MT-007 | B8: Nhóm lệnh | C8: P0 | D8: Windows | E8: Monitor và Codex chính thức đã được cài | F8: Chạy codexm --help, codexm --version, codexm --manager, codexm --history và một option Codex đã biết. | G8: Toàn bộ tham số được chuyển nguyên trạng sang Codex chính thức; Monitor không chiếm các flag cũ như --manager/--history. | H8: CHƯA CHẠY | K8: KHÔNG
A9: MT-008 | B9: Nhóm lệnh | C9: P0 | D9: Windows | E9: Monitor và Codex chính thức đã được cài | F9: Chạy codexm -- --history và một chuỗi tham số khác sau --. | G9: Thứ tự tham số chính xác, kể cả ranh giới --, được chuyển nguyên trạng tới Codex chính thức. | H9: CHƯA CHẠY | K9: KHÔNG
A10: MT-009 | B10: Lần chạy đầu | C10: P0 | D10: Windows | E10: Config Monitor sạch; terminal tương tác | F10: Chạy codexm không kèm tham số. | G10: Onboarding xuất hiện trước Codex; Archive mặc định Disabled; chưa ghi config hay side effect nào cho tới khi Save rõ ràng. | H10: CHƯA CHẠY | K10: KHÔNG
A11: MT-010 | B11: Lần chạy đầu | C11: P0 | D11: Windows | E11: Config Monitor sạch | F11: Hủy onboarding. | G11: Codex không khởi chạy; config/preference và side effect Archive không được lưu/áp dụng. | H11: CHƯA CHẠY | K11: KHÔNG
A12: MT-011 | B12: Lần chạy đầu | C12: P0 | D12: Windows | E12: Đã hoàn tất onboarding và Save | F12: Đóng chương trình rồi chạy lại codexm không kèm tham số. | G12: Bỏ qua onboarding và Codex khởi chạy với cấu hình Monitor đã lưu. | H12: CHƯA CHẠY | K12: KHÔNG
A13: MT-012 | B13: Lần chạy đầu | C13: P0 | D13: Windows | E13: Config Monitor sạch | F13: Chạy codexm với bất kỳ tham số Codex nào, ví dụ --help. | G13: Onboarding không chặn lời gọi có tham số. | H13: CHƯA CHẠY | K13: KHÔNG
... A78: MT-077 | B78: Ma trận nền tảng | C78: P1 | D78: macOS | E78: Máy macOS thật; Node/npm phiên bản hỗ trợ; Codex chính thức | F78: Chạy core install/manual smoke nếu hỗ trợ: codexm, codexmm, config, Archive, terminal restore. | G78: Ghi bằng chứng trên máy thật; không suy luận ĐẠT từ mock. | H78: CHƯA CHẠY | K78: KHÔNG

Sheet Tổng quan
A1: CODEX MONITOR · TỔNG QUAN KIỂM THỬ THỦ CÔNG
A3: Branch | B3: v1-finalization | D3: Tổng số | E3: =COUNTA('Ca kiểm thử thủ công'!A2:A78) -> 77
A4: Mốc gốc | B4: f8b99f6e4d22a2e7f6de43ebe0601c3f429ab3d1 | D4: ĐẠT | E4: =COUNTIF('Ca kiểm thử thủ công'!H2:H78,"ĐẠT") -> 0
A5: Gate tự động | B5: verify:phase13 đã được người kiểm thử báo PASS trước khi tách branch | D5: KHÔNG ĐẠT | E5: =COUNTIF('Ca kiểm thử thủ công'!H2:H78,"KHÔNG ĐẠT") -> 0
D6: BỊ CHẶN | E6: =COUNTIF('Ca kiểm thử thủ công'!H2:H78,"BỊ CHẶN") -> 0
D7: CHƯA CHẠY | E7: =COUNTIF('Ca kiểm thử thủ công'!H2:H78,"CHƯA CHẠY") -> 77
A8: Cách dùng | B8: Cập nhật Trạng thái ở sheet Ca kiểm thử thủ công; điền bằng chứng và mã lỗi cho mọi case không ĐẠT. | D8: KHÔNG ÁP DỤNG | E8: =COUNTIF('Ca kiểm thử thủ công'!H2:H78,"KHÔNG ÁP DỤNG") -> 0
A9: Test directly on real machines. Update Status, Actual result / Evidence, Bug / Issue and Retest in the Manual Test Cases sheet. P0 failures should block release unless explicitly accepted. Linux/macOS remain unverified until real-machine evidence exists. | D9: Tỷ lệ đã đánh giá | E9: =IFERROR((E3-E7)/E3,0) -> 0
D10: Pass rate | E10: =IFERROR(E4/(E3-E8),0) -> 0
D12: Release decision | E12: =IF(E5>0,"NO-GO",IF(E6>0,"BLOCKED",IF(E7>0,"INCOMPLETE","GO"))) -> INCOMPLETE

Sheet Ma trận bao phủ
A1: Hạng mục | B1: Tổng số | C1: P0 | D1: P1 | E1: ĐẠT | F1: KHÔNG ĐẠT | G1: BỊ CHẶN | H1: CHƯA CHẠY | I1: Tỷ lệ bao phủ
A2: Cài đặt | B2: =COUNTIF('Ca kiểm thử thủ công'!B:B,A2) -> 5 | C2: =COUNTIFS('Ca kiểm thử thủ công'!B:B,A2,'Ca kiểm thử thủ công'!C:C,"P0") -> 4 | D2: =COUNTIFS('Ca kiểm thử thủ công'!B:B,A2,'Ca kiểm thử thủ công'!C:C,"P1") -> 1 | E2: =COUNTIFS('Ca kiểm thử thủ công'!B:B,A2,'Ca kiểm thử thủ công'!H:H,"ĐẠT") -> 0 | F2: =COUNTIFS('Ca kiểm thử thủ công'!B:B,A2,'Ca kiểm thử thủ công'!H:H,"KHÔNG ĐẠT") -> 0 | G2: =COUNTIFS('Ca kiểm thử thủ công'!B:B,A2,'Ca kiểm thử thủ công'!H:H,"BỊ CHẶN") -> 0 | H2: =COUNTIFS('Ca kiểm thử thủ công'!B:B,A2,'Ca kiểm thử thủ công'!H:H,"CHƯA CHẠY") -> 5 | I2: =IFERROR((B2-H2)/B2,0) -> 0
A3: Nhóm lệnh | B3: =COUNTIF('Ca kiểm thử thủ công'!B:B,A3) -> 3 | C3: =COUNTIFS('Ca kiểm thử thủ công'!B:B,A3,'Ca kiểm thử thủ công'!C:C,"P0") -> 3 | D3: =COUNTIFS('Ca kiểm thử thủ công'!B:B,A3,'Ca kiểm thử thủ công'!C:C,"P1") -> 0 | E3: =COUNTIFS('Ca kiểm thử thủ công'!B:B,A3,'Ca kiểm thử thủ công'!H:H,"ĐẠT") -> 0 | F3: =COUNTIFS('Ca kiểm thử thủ công'!B:B,A3,'Ca kiểm thử thủ công'!H:H,"KHÔNG ĐẠT") -> 0 | G3: =COUNTIFS('Ca kiểm thử thủ công'!B:B,A3,'Ca kiểm thử thủ công'!H:H,"BỊ CHẶN") -> 0 | H3: =COUNTIFS('Ca kiểm thử thủ công'!B:B,A3,'Ca kiểm thử thủ công'!H:H,"CHƯA CHẠY") -> 3 | I3: =IFERROR((B3-H3)/B3,0) -> 0
A4: Lần chạy đầu | B4: =COUNTIF('Ca kiểm thử thủ công'!B:B,A4) -> 4 | C4: =COUNTIFS('Ca kiểm thử thủ công'!B:B,A4,'Ca kiểm thử thủ công'!C:C,"P0") -> 4 | D4: =COUNTIFS('Ca kiểm thử thủ công'!B:B,A4,'Ca kiểm thử thủ công'!C:C,"P1") -> 0 | E4: =COUNTIFS('Ca kiểm thử thủ công'!B:B,A4,'Ca kiểm thử thủ công'!H:H,"ĐẠT") -> 0 | F4: =COUNTIFS('Ca kiểm thử thủ công'!B:B,A4,'Ca kiểm thử thủ công'!H:H,"KHÔNG ĐẠT") -> 0 | G4: =COUNTIFS('Ca kiểm thử thủ công'!B:B,A4,'Ca kiểm thử thủ công'!H:H,"BỊ CHẶN") -> 0 | H4: =COUNTIFS('Ca kiểm thử thủ công'!B:B,A4,'Ca kiểm thử thủ công'!H:H,"CHƯA CHẠY") -> 4 | I4: =IFERROR((B4-H4)/B4,0) -> 0
A5: Cấu hình | B5: =COUNTIF('Ca kiểm thử thủ công'!B:B,A5) -> 6 | C5: =COUNTIFS('Ca kiểm thử thủ công'!B:B,A5,'Ca kiểm thử thủ công'!C:C,"P0") -> 3 | D5: =COUNTIFS('Ca kiểm thử thủ công'!B:B,A5,'Ca kiểm thử thủ công'!C:C,"P1") -> 3 | E5: =COUNTIFS('Ca kiểm thử thủ công'!B:B,A5,'Ca kiểm thử thủ công'!H:H,"ĐẠT") -> 0 | F5: =COUNTIFS('Ca kiểm thử thủ công'!B:B,A5,'Ca kiểm thử thủ công'!H:H,"KHÔNG ĐẠT") -> 0 | G5: =COUNTIFS('Ca kiểm thử thủ công'!B:B,A5,'Ca kiểm thử thủ công'!H:H,"BỊ CHẶN") -> 0 | H5: =COUNTIFS('Ca kiểm thử thủ công'!B:B,A5,'Ca kiểm thử thủ công'!H:H,"CHƯA CHẠY") -> 6 | I5: =IFERROR((B5-H5)/B5,0) -> 0
A6: Live Monitor | B6: =COUNTIF('Ca kiểm thử thủ công'!B:B,A6) -> 8 | C6: =COUNTIFS('Ca kiểm thử thủ công'!B:B,A6,'Ca kiểm thử thủ công'!C:C,"P0") -> 3 | D6: =COUNTIFS('Ca kiểm thử thủ công'!B:B,A6,'Ca kiểm thử thủ công'!C:C,"P1") -> 5 | E6: =COUNTIFS('Ca kiểm thử thủ công'!B:B,A6,'Ca kiểm thử thủ công'!H:H,"ĐẠT") -> 0 | F6: =COUNTIFS('Ca kiểm thử thủ công'!B:B,A6,'Ca kiểm thử thủ công'!H:H,"KHÔNG ĐẠT") -> 0 | G6: =COUNTIFS('Ca kiểm thử thủ công'!B:B,A6,'Ca kiểm thử thủ công'!H:H,"BỊ CHẶN") -> 0 | H6: =COUNTIFS('Ca kiểm thử thủ công'!B:B,A6,'Ca kiểm thử thủ công'!H:H,"CHƯA CHẠY") -> 8 | I6: =IFERROR((B6-H6)/B6,0) -> 0
A7: Tiếp tục phiên cục bộ | B7: =COUNTIF('Ca kiểm thử thủ công'!B:B,A7) -> 1 | C7: =COUNTIFS('Ca kiểm thử thủ công'!B:B,A7,'Ca kiểm thử thủ công'!C:C,"P0") -> 0 | D7: =COUNTIFS('Ca kiểm thử thủ công'!B:B,A7,'Ca kiểm thử thủ công'!C:C,"P1") -> 1 | E7: =COUNTIFS('Ca kiểm thử thủ công'!B:B,A7,'Ca kiểm thử thủ công'!H:H,"ĐẠT") -> 0 | F7: =COUNTIFS('Ca kiểm thử thủ công'!B:B,A7,'Ca kiểm thử thủ công'!H:H,"KHÔNG ĐẠT") -> 0 | G7: =COUNTIFS('Ca kiểm thử thủ công'!B:B,A7,'Ca kiểm thử thủ công'!H:H,"BỊ CHẶN") -> 0 | H7: =COUNTIFS('Ca kiểm thử thủ công'!B:B,A7,'Ca kiểm thử thủ công'!H:H,"CHƯA CHẠY") -> 1 | I7: =IFERROR((B7-H7)/B7,0) -> 0
A8: Session Manager | B8: =COUNTIF('Ca kiểm thử thủ công'!B:B,A8) -> 8 | C8: =COUNTIFS('Ca kiểm thử thủ công'!B:B,A8,'Ca kiểm thử thủ công'!C:C,"P0") -> 5 | D8: =COUNTIFS('Ca kiểm thử thủ công'!B:B,A8,'Ca kiểm thử thủ công'!C:C,"P1") -> 3 | E8: =COUNTIFS('Ca kiểm thử thủ công'!B:B,A8,'Ca kiểm thử thủ công'!H:H,"ĐẠT") -> 0 | F8: =COUNTIFS('Ca kiểm thử thủ công'!B:B,A8,'Ca kiểm thử thủ công'!H:H,"KHÔNG ĐẠT") -> 0 | G8: =COUNTIFS('Ca kiểm thử thủ công'!B:B,A8,'Ca kiểm thử thủ công'!H:H,"BỊ CHẶN") -> 0 | H8: =COUNTIFS('Ca kiểm thử thủ công'!B:B,A8,'Ca kiểm thử thủ công'!H:H,"CHƯA CHẠY") -> 8 | I8: =IFERROR((B8-H8)/B8,0) -> 0
A9: Archive / SQLite | B9: =COUNTIF('Ca kiểm thử thủ công'!B:B,A9) -> 12 | C9: =COUNTIFS('Ca kiểm thử thủ công'!B:B,A9,'Ca kiểm thử thủ công'!C:C,"P0") -> 8 | D9: =COUNTIFS('Ca kiểm thử thủ công'!B:B,A9,'Ca kiểm thử thủ công'!C:C,"P1") -> 4 | E9: =COUNTIFS('Ca kiểm thử thủ công'!B:B,A9,'Ca kiểm thử thủ công'!H:H,"ĐẠT") -> 0 | F9: =COUNTIFS('Ca kiểm thử thủ công'!B:B,A9,'Ca kiểm thử thủ công'!H:H,"KHÔNG ĐẠT") -> 0 | G9: =COUNTIFS('Ca kiểm thử thủ công'!B:B,A9,'Ca kiểm thử thủ công'!H:H,"BỊ CHẶN") -> 0 | H9: =COUNTIFS('Ca kiểm thử thủ công'!B:B,A9,'Ca kiểm thử thủ công'!H:H,"CHƯA CHẠY") -> 12 | I9: =IFERROR((B9-H9)/B9,0) -> 0
A10: Lệnh quản trị | B10: =COUNTIF('Ca kiểm thử thủ công'!B:B,A10) -> 9 | C10: =COUNTIFS('Ca kiểm thử thủ công'!B:B,A10,'Ca kiểm thử thủ công'!C:C,"P0") -> 5 | D10: =COUNTIFS('Ca kiểm thử thủ công'!B:B,A10,'Ca kiểm thử thủ công'!C:C,"P1") -> 4 | E10: =COUNTIFS('Ca kiểm thử thủ công'!B:B,A10,'Ca kiểm thử thủ công'!H:H,"ĐẠT") -> 0 | F10: =COUNTIFS('Ca kiểm thử thủ công'!B:B,A10,'Ca kiểm thử thủ công'!H:H,"KHÔNG ĐẠT") -> 0 | G10: =COUNTIFS('Ca kiểm thử thủ công'!B:B,A10,'Ca kiểm thử thủ công'!H:H,"BỊ CHẶN") -> 0 | H10: =COUNTIFS('Ca kiểm thử thủ công'!B:B,A10,'Ca kiểm thử thủ công'!H:H,"CHƯA CHẠY") -> 9 | I10: =IFERROR((B10-H10)/B10,0) -> 0
A11: An toàn dữ liệu | B11: =COUNTIF('Ca kiểm thử thủ công'!B:B,A11) -> 3 | C11: =COUNTIFS('Ca kiểm thử thủ công'!B:B,A11,'Ca kiểm thử thủ công'!C:C,"P0") -> 2 | D11: =COUNTIFS('Ca kiểm thử thủ công'!B:B,A11,'Ca kiểm thử thủ công'!C:C,"P1") -> 1 | E11: =COUNTIFS('Ca kiểm thử thủ công'!B:B,A11,'Ca kiểm thử thủ công'!H:H,"ĐẠT") -> 0 | F11: =COUNTIFS('Ca kiểm thử thủ công'!B:B,A11,'Ca kiểm thử thủ công'!H:H,"KHÔNG ĐẠT") -> 0 | G11: =COUNTIFS('Ca kiểm thử thủ công'!B:B,A11,'Ca kiểm thử thủ công'!H:H,"BỊ CHẶN") -> 0 | H11: =COUNTIFS('Ca kiểm thử thủ công'!B:B,A11,'Ca kiểm thử thủ công'!H:H,"CHƯA CHẠY") -> 3 | I11: =IFERROR((B11-H11)/B11,0) -> 0
A12: Nâng cấp / Di trú | B12: =COUNTIF('Ca kiểm thử thủ công'!B:B,A12) -> 4 | C12: =COUNTIFS('Ca kiểm thử thủ công'!B:B,A12,'Ca kiểm thử thủ công'!C:C,"P0") -> 3 | D12: =COUNTIFS('Ca kiểm thử thủ công'!B:B,A12,'Ca kiểm thử thủ công'!C:C,"P1") -> 1 | E12: =COUNTIFS('Ca kiểm thử thủ công'!B:B,A12,'Ca kiểm thử thủ công'!H:H,"ĐẠT") -> 0 | F12: =COUNTIFS('Ca kiểm thử thủ công'!B:B,A12,'Ca kiểm thử thủ công'!H:H,"KHÔNG ĐẠT") -> 0 | G12: =COUNTIFS('Ca kiểm thử thủ công'!B:B,A12,'Ca kiểm thử thủ công'!H:H,"BỊ CHẶN") -> 0 | H12: =COUNTIFS('Ca kiểm thử thủ công'!B:B,A12,'Ca kiểm thử thủ công'!H:H,"CHƯA CHẠY") -> 4 | I12: =IFERROR((B12-H12)/B12,0) -> 0
A13: Gỡ cài đặt | B13: =COUNTIF('Ca kiểm thử thủ công'!B:B,A13) -> 6 | C13: =COUNTIFS('Ca kiểm thử thủ công'!B:B,A13,'Ca kiểm thử thủ công'!C:C,"P0") -> 5 | D13: =COUNTIFS('Ca kiểm thử thủ công'!B:B,A13,'Ca kiểm thử thủ công'!C:C,"P1") -> 1 | E13: =COUNTIFS('Ca kiểm thử thủ công'!B:B,A13,'Ca kiểm thử thủ công'!H:H,"ĐẠT") -> 0 | F13: =COUNTIFS('Ca kiểm thử thủ công'!B:B,A13,'Ca kiểm thử thủ công'!H:H,"KHÔNG ĐẠT") -> 0 | G13: =COUNTIFS('Ca kiểm thử thủ công'!B:B,A13,'Ca kiểm thử thủ công'!H:H,"BỊ CHẶN") -> 0 | H13: =COUNTIFS('Ca kiểm thử thủ công'!B:B,A13,'Ca kiểm thử thủ công'!H:H,"CHƯA CHẠY") -> 6 | I13: =IFERROR((B13-H13)/B13,0) -> 0
... A15: Ma trận nền tảng | B15: =COUNTIF('Ca kiểm thử thủ công'!B:B,A15) -> 2 | C15: =COUNTIFS('Ca kiểm thử thủ công'!B:B,A15,'Ca kiểm thử thủ công'!C:C,"P0") -> 0 | D15: =COUNTIFS('Ca kiểm thử thủ công'!B:B,A15,'Ca kiểm thử thủ công'!C:C,"P1") -> 2 | E15: =COUNTIFS('Ca kiểm thử thủ công'!B:B,A15,'Ca kiểm thử thủ công'!H:H,"ĐẠT") -> 0 | F15: =COUNTIFS('Ca kiểm thử thủ công'!B:B,A15,'Ca kiểm thử thủ công'!H:H,"KHÔNG ĐẠT") -> 0 | G15: =COUNTIFS('Ca kiểm thử thủ công'!B:B,A15,'Ca kiểm thử thủ công'!H:H,"BỊ CHẶN") -> 0 | H15: =COUNTIFS('Ca kiểm thử thủ công'!B:B,A15,'Ca kiểm thử thủ công'!H:H,"CHƯA CHẠY") -> 2 | I15: =IFERROR((B15-H15)/B15,0) -> 0

Sheet Hướng dẫn
A1: HƯỚNG DẪN SỬ DỤNG FILE KIỂM THỬ THỦ CÔNG
A2: Mục đích | B2: Checklist nghiệm thu thủ công để kết thúc v1-rearchitecture và xác nhận v1-finalization.
A3: Trạng thái | B3: Dùng dropdown CHƯA CHẠY / ĐẠT / KHÔNG ĐẠT / BỊ CHẶN / KHÔNG ÁP DỤNG. Với case không ĐẠT, hãy điền bằng chứng và mã lỗi/vấn đề.
A4: Mức ưu tiên | B4: P0 = contract core/an toàn có thể chặn release. P1 = chất lượng/bao phủ quan trọng, nên đánh giá trước khi phát hành.
A5: Kiểm thử lại | B5: Đặt CÓ khi đang chờ fix; sau khi verify lại chuyển thành ĐẠT/KHÔNG ĐẠT hoặc KHÔNG ÁP DỤNG.
A6: Branch | B6: v1-finalization được tạo từ HEAD v1-rearchitecture f8b99f6e4d22a2e7f6de43ebe0601c3f429ab3d1.
A7: Phát hiện tài liệu cũ quan trọng | B7: docs/RELEASE-MANUAL-CHECKLIST.md vẫn còn một số flag cũ như --manager, --configure, --doctor và --uninstall. Dùng workbook/README hiện tại làm contract CLI đúng và sửa checklist trong phase finalization.
A8: Nguồn 1 | B8: https://github.com/l0N9X69N/Codex-Monitor/blob/v1-finalization/README.md
A9: Nguồn 2 | B9: https://github.com/l0N9X69N/Codex-Monitor/blob/v1-finalization/docs/RELEASE-MANUAL-CHECKLIST.md
A10: Gợi ý nghiệm thu | B10: Ưu tiên chạy toàn bộ P0 trên Windows trước. Chỉ đánh dấu ĐẠT khi có bằng chứng thực tế; không suy luận PASS trên máy thật từ unit test/mock.
