Workbook

Sheet Manual Test Cases
A1: ID | B1: Area | C1: Priority | D1: Platform | E1: Preconditions | F1: Test steps | G1: Expected result | H1: Status | I1: Actual result / Evidence | J1: Bug / Issue | K1: Retest | L1: Notes
A2: MT-001 | B2: Install | C2: P0 | D2: Windows | E2: Fresh Windows profile; PowerShell; internet; supported Node/npm already installed | F2: Run root install.ps1 from GitHub. Then run: Get-Command codexm,codexmm,codexmc,codexmh,codexmctl. | G2: Installer completes; reuses existing Node/npm; all five commands resolve; official Codex is not modified. | H2: NOT RUN | K2: NO
A3: MT-002 | B3: Install | C3: P0 | D3: Windows | E3: Fresh machine/profile with Node and npm both absent; winget available | F3: Run root install.ps1. Record Node/npm versions before/after. | G3: Installer installs current Node LTS package via winget with bundled npm, then installs Monitor successfully. | H3: NOT RUN | K3: NO
A4: MT-003 | B4: Install | C4: P0 | D4: Windows | E4: Existing unsupported Node version or incomplete Node/npm runtime | F4: Run root install.ps1. | G4: Installer stops with actionable error; does not upgrade/replace existing shared Node/npm. | H4: NOT RUN | K4: NO
A5: MT-004 | B5: Install | C5: P1 | D5: Windows | E5: Official codex command absent | F5: Run root install.ps1. | G5: Monitor can install; installer warns that official Codex is missing and does not install it. | H5: NOT RUN | K5: NO
A6: MT-005 | B6: Install | C6: P0 | D6: Windows | E6: Monitor already installed | F6: Run installer again. | G6: Recognized Monitor install is replaced safely; npm ci/link succeeds; no unrelated command shim is overwritten. | H6: NOT RUN | K6: NO
A7: MT-006 | B7: Command family | C7: P0 | D7: Windows | E7: Installed Monitor | F7: Run codexmh; codexmm -h; codexmc -h; codexmctl. | G7: Dedicated command family is visible and help language follows persisted Monitor language. | H7: NOT RUN | K7: NO
A8: MT-007 | B8: Command family | C8: P0 | D8: Windows | E8: Installed Monitor + official Codex | F8: Run codexm --help, codexm --version, codexm --manager, codexm --history and a known Codex option. | G8: All arguments are forwarded to official Codex unchanged; Monitor does not consume legacy --manager/--history flags. | H8: NOT RUN | K8: NO
A9: MT-008 | B9: Command family | C9: P0 | D9: Windows | E9: Installed Monitor + official Codex | F9: Run codexm -- --history and another argument sequence after --. | G9: Exact argument order including -- boundary reaches official Codex unchanged. | H9: NOT RUN | K9: NO
A10: MT-009 | B10: First run | C10: P0 | D10: Windows | E10: Clean Monitor config; interactive terminal | F10: Run bare codexm. | G10: Onboarding appears before Codex; Archive is Disabled by default; no config is persisted until explicit Save. | H10: NOT RUN | K10: NO
A11: MT-010 | B11: First run | C11: P0 | D11: Windows | E11: Clean Monitor config | F11: Cancel onboarding. | G11: Codex does not start; config/preferences and Archive side effects are not saved/applied. | H11: NOT RUN | K11: NO
A12: MT-011 | B12: First run | C12: P0 | D12: Windows | E12: Complete onboarding and Save | F12: Close and run bare codexm again. | G12: Onboarding is skipped and Codex starts with saved Monitor configuration. | H12: NOT RUN | K12: NO
A13: MT-012 | B13: First run | C13: P0 | D13: Windows | E13: Clean Monitor config | F13: Run codexm with any Codex argument such as --help. | G13: Onboarding does not intercept argument-bearing invocation. | H13: NOT RUN | K13: NO
... A78: MT-077 | B78: Platform matrix | C78: P1 | D78: macOS | E78: Real macOS machine; supported Node/npm; official Codex | F78: Run core install/manual smoke where supported: codexm, codexmm, config, Archive, terminal restore. | G78: Record real-machine evidence; do not infer PASS from mocks. | H78: NOT RUN | K78: NO

Sheet Dashboard
A1: CODEX MONITOR · MANUAL QA DASHBOARD
A3: Branch | B3: v1-finalization | D3: Total | E3: =COUNTA('Manual Test Cases'!A2:A78)
A4: Baseline | B4: f8b99f6e4d22a2e7f6de43ebe0601c3f429ab3d1 | D4: PASS | E4: =COUNTIF('Manual Test Cases'!H2:H78,"PASS")
A5: Automated gate | B5: verify:phase13 reported PASS by tester before branch split | D5: FAIL | E5: =COUNTIF('Manual Test Cases'!H2:H78,"FAIL")
D6: BLOCKED | E6: =COUNTIF('Manual Test Cases'!H2:H78,"BLOCKED")
D7: NOT RUN | E7: =COUNTIF('Manual Test Cases'!H2:H78,"NOT RUN")
A8: Usage | D8: N/A | E8: =COUNTIF('Manual Test Cases'!H2:H78,"N/A")
A9: Test directly on real machines. Update Status, Actual result / Evidence, Bug / Issue and Retest in the Manual Test Cases sheet. P0 failures should block release unless explicitly accepted. Linux/macOS remain unverified until real-machine evidence exists.
D10: Pass rate | E10: =IFERROR(E4/(E3-E8),0)
D12: Release decision | E12: =IF(E5>0,"NO-GO",IF(E6>0,"BLOCKED",IF(E7>0,"INCOMPLETE","GO")))

Sheet Coverage Matrix
A1: Area | B1: Total | C1: P0 | D1: P1 | E1: PASS | F1: FAIL | G1: BLOCKED | H1: NOT RUN | I1: Coverage %
A2: Install | B2: =COUNTIF('Manual Test Cases'!B:B,A2) | C2: =COUNTIFS('Manual Test Cases'!B:B,A2,'Manual Test Cases'!C:C,"P0") | D2: =COUNTIFS('Manual Test Cases'!B:B,A2,'Manual Test Cases'!C:C,"P1") | E2: =COUNTIFS('Manual Test Cases'!B:B,A2,'Manual Test Cases'!H:H,"PASS") | F2: =COUNTIFS('Manual Test Cases'!B:B,A2,'Manual Test Cases'!H:H,"FAIL") | G2: =COUNTIFS('Manual Test Cases'!B:B,A2,'Manual Test Cases'!H:H,"BLOCKED") | H2: =COUNTIFS('Manual Test Cases'!B:B,A2,'Manual Test Cases'!H:H,"NOT RUN") | I2: =IFERROR((B2-H2)/B2,0)
A3: Command family | B3: =COUNTIF('Manual Test Cases'!B:B,A3) | C3: =COUNTIFS('Manual Test Cases'!B:B,A3,'Manual Test Cases'!C:C,"P0") | D3: =COUNTIFS('Manual Test Cases'!B:B,A3,'Manual Test Cases'!C:C,"P1") | E3: =COUNTIFS('Manual Test Cases'!B:B,A3,'Manual Test Cases'!H:H,"PASS") | F3: =COUNTIFS('Manual Test Cases'!B:B,A3,'Manual Test Cases'!H:H,"FAIL") | G3: =COUNTIFS('Manual Test Cases'!B:B,A3,'Manual Test Cases'!H:H,"BLOCKED") | H3: =COUNTIFS('Manual Test Cases'!B:B,A3,'Manual Test Cases'!H:H,"NOT RUN") | I3: =IFERROR((B3-H3)/B3,0)
A4: First run | B4: =COUNTIF('Manual Test Cases'!B:B,A4) | C4: =COUNTIFS('Manual Test Cases'!B:B,A4,'Manual Test Cases'!C:C,"P0") | D4: =COUNTIFS('Manual Test Cases'!B:B,A4,'Manual Test Cases'!C:C,"P1") | E4: =COUNTIFS('Manual Test Cases'!B:B,A4,'Manual Test Cases'!H:H,"PASS") | F4: =COUNTIFS('Manual Test Cases'!B:B,A4,'Manual Test Cases'!H:H,"FAIL") | G4: =COUNTIFS('Manual Test Cases'!B:B,A4,'Manual Test Cases'!H:H,"BLOCKED") | H4: =COUNTIFS('Manual Test Cases'!B:B,A4,'Manual Test Cases'!H:H,"NOT RUN") | I4: =IFERROR((B4-H4)/B4,0)
A5: Config | B5: =COUNTIF('Manual Test Cases'!B:B,A5) | C5: =COUNTIFS('Manual Test Cases'!B:B,A5,'Manual Test Cases'!C:C,"P0") | D5: =COUNTIFS('Manual Test Cases'!B:B,A5,'Manual Test Cases'!C:C,"P1") | E5: =COUNTIFS('Manual Test Cases'!B:B,A5,'Manual Test Cases'!H:H,"PASS") | F5: =COUNTIFS('Manual Test Cases'!B:B,A5,'Manual Test Cases'!H:H,"FAIL") | G5: =COUNTIFS('Manual Test Cases'!B:B,A5,'Manual Test Cases'!H:H,"BLOCKED") | H5: =COUNTIFS('Manual Test Cases'!B:B,A5,'Manual Test Cases'!H:H,"NOT RUN") | I5: =IFERROR((B5-H5)/B5,0)
A6: Live Monitor | B6: =COUNTIF('Manual Test Cases'!B:B,A6) | C6: =COUNTIFS('Manual Test Cases'!B:B,A6,'Manual Test Cases'!C:C,"P0") | D6: =COUNTIFS('Manual Test Cases'!B:B,A6,'Manual Test Cases'!C:C,"P1") | E6: =COUNTIFS('Manual Test Cases'!B:B,A6,'Manual Test Cases'!H:H,"PASS") | F6: =COUNTIFS('Manual Test Cases'!B:B,A6,'Manual Test Cases'!H:H,"FAIL") | G6: =COUNTIFS('Manual Test Cases'!B:B,A6,'Manual Test Cases'!H:H,"BLOCKED") | H6: =COUNTIFS('Manual Test Cases'!B:B,A6,'Manual Test Cases'!H:H,"NOT RUN") | I6: =IFERROR((B6-H6)/B6,0)
A7: Local resume | B7: =COUNTIF('Manual Test Cases'!B:B,A7) | C7: =COUNTIFS('Manual Test Cases'!B:B,A7,'Manual Test Cases'!C:C,"P0") | D7: =COUNTIFS('Manual Test Cases'!B:B,A7,'Manual Test Cases'!C:C,"P1") | E7: =COUNTIFS('Manual Test Cases'!B:B,A7,'Manual Test Cases'!H:H,"PASS") | F7: =COUNTIFS('Manual Test Cases'!B:B,A7,'Manual Test Cases'!H:H,"FAIL") | G7: =COUNTIFS('Manual Test Cases'!B:B,A7,'Manual Test Cases'!H:H,"BLOCKED") | H7: =COUNTIFS('Manual Test Cases'!B:B,A7,'Manual Test Cases'!H:H,"NOT RUN") | I7: =IFERROR((B7-H7)/B7,0)
A8: Session Manager | B8: =COUNTIF('Manual Test Cases'!B:B,A8) | C8: =COUNTIFS('Manual Test Cases'!B:B,A8,'Manual Test Cases'!C:C,"P0") | D8: =COUNTIFS('Manual Test Cases'!B:B,A8,'Manual Test Cases'!C:C,"P1") | E8: =COUNTIFS('Manual Test Cases'!B:B,A8,'Manual Test Cases'!H:H,"PASS") | F8: =COUNTIFS('Manual Test Cases'!B:B,A8,'Manual Test Cases'!H:H,"FAIL") | G8: =COUNTIFS('Manual Test Cases'!B:B,A8,'Manual Test Cases'!H:H,"BLOCKED") | H8: =COUNTIFS('Manual Test Cases'!B:B,A8,'Manual Test Cases'!H:H,"NOT RUN") | I8: =IFERROR((B8-H8)/B8,0)
A9: Archive | B9: =COUNTIF('Manual Test Cases'!B:B,A9) | C9: =COUNTIFS('Manual Test Cases'!B:B,A9,'Manual Test Cases'!C:C,"P0") | D9: =COUNTIFS('Manual Test Cases'!B:B,A9,'Manual Test Cases'!C:C,"P1") | E9: =COUNTIFS('Manual Test Cases'!B:B,A9,'Manual Test Cases'!H:H,"PASS") | F9: =COUNTIFS('Manual Test Cases'!B:B,A9,'Manual Test Cases'!H:H,"FAIL") | G9: =COUNTIFS('Manual Test Cases'!B:B,A9,'Manual Test Cases'!H:H,"BLOCKED") | H9: =COUNTIFS('Manual Test Cases'!B:B,A9,'Manual Test Cases'!H:H,"NOT RUN") | I9: =IFERROR((B9-H9)/B9,0)
A10: Product controls | B10: =COUNTIF('Manual Test Cases'!B:B,A10) | C10: =COUNTIFS('Manual Test Cases'!B:B,A10,'Manual Test Cases'!C:C,"P0") | D10: =COUNTIFS('Manual Test Cases'!B:B,A10,'Manual Test Cases'!C:C,"P1") | E10: =COUNTIFS('Manual Test Cases'!B:B,A10,'Manual Test Cases'!H:H,"PASS") | F10: =COUNTIFS('Manual Test Cases'!B:B,A10,'Manual Test Cases'!H:H,"FAIL") | G10: =COUNTIFS('Manual Test Cases'!B:B,A10,'Manual Test Cases'!H:H,"BLOCKED") | H10: =COUNTIFS('Manual Test Cases'!B:B,A10,'Manual Test Cases'!H:H,"NOT RUN") | I10: =IFERROR((B10-H10)/B10,0)
A11: Storage safety | B11: =COUNTIF('Manual Test Cases'!B:B,A11) | C11: =COUNTIFS('Manual Test Cases'!B:B,A11,'Manual Test Cases'!C:C,"P0") | D11: =COUNTIFS('Manual Test Cases'!B:B,A11,'Manual Test Cases'!C:C,"P1") | E11: =COUNTIFS('Manual Test Cases'!B:B,A11,'Manual Test Cases'!H:H,"PASS") | F11: =COUNTIFS('Manual Test Cases'!B:B,A11,'Manual Test Cases'!H:H,"FAIL") | G11: =COUNTIFS('Manual Test Cases'!B:B,A11,'Manual Test Cases'!H:H,"BLOCKED") | H11: =COUNTIFS('Manual Test Cases'!B:B,A11,'Manual Test Cases'!H:H,"NOT RUN") | I11: =IFERROR((B11-H11)/B11,0)
A12: Upgrade / migration | B12: =COUNTIF('Manual Test Cases'!B:B,A12) | C12: =COUNTIFS('Manual Test Cases'!B:B,A12,'Manual Test Cases'!C:C,"P0") | D12: =COUNTIFS('Manual Test Cases'!B:B,A12,'Manual Test Cases'!C:C,"P1") | E12: =COUNTIFS('Manual Test Cases'!B:B,A12,'Manual Test Cases'!H:H,"PASS") | F12: =COUNTIFS('Manual Test Cases'!B:B,A12,'Manual Test Cases'!H:H,"FAIL") | G12: =COUNTIFS('Manual Test Cases'!B:B,A12,'Manual Test Cases'!H:H,"BLOCKED") | H12: =COUNTIFS('Manual Test Cases'!B:B,A12,'Manual Test Cases'!H:H,"NOT RUN") | I12: =IFERROR((B12-H12)/B12,0)
A13: Uninstall | B13: =COUNTIF('Manual Test Cases'!B:B,A13) | C13: =COUNTIFS('Manual Test Cases'!B:B,A13,'Manual Test Cases'!C:C,"P0") | D13: =COUNTIFS('Manual Test Cases'!B:B,A13,'Manual Test Cases'!C:C,"P1") | E13: =COUNTIFS('Manual Test Cases'!B:B,A13,'Manual Test Cases'!H:H,"PASS") | F13: =COUNTIFS('Manual Test Cases'!B:B,A13,'Manual Test Cases'!H:H,"FAIL") | G13: =COUNTIFS('Manual Test Cases'!B:B,A13,'Manual Test Cases'!H:H,"BLOCKED") | H13: =COUNTIFS('Manual Test Cases'!B:B,A13,'Manual Test Cases'!H:H,"NOT RUN") | I13: =IFERROR((B13-H13)/B13,0)
... A15: Platform matrix | B15: =COUNTIF('Manual Test Cases'!B:B,A15) | C15: =COUNTIFS('Manual Test Cases'!B:B,A15,'Manual Test Cases'!C:C,"P0") | D15: =COUNTIFS('Manual Test Cases'!B:B,A15,'Manual Test Cases'!C:C,"P1") | E15: =COUNTIFS('Manual Test Cases'!B:B,A15,'Manual Test Cases'!H:H,"PASS") | F15: =COUNTIFS('Manual Test Cases'!B:B,A15,'Manual Test Cases'!H:H,"FAIL") | G15: =COUNTIFS('Manual Test Cases'!B:B,A15,'Manual Test Cases'!H:H,"BLOCKED") | H15: =COUNTIFS('Manual Test Cases'!B:B,A15,'Manual Test Cases'!H:H,"NOT RUN") | I15: =IFERROR((B15-H15)/B15,0)

Sheet Read Me
A1: HOW TO USE THIS MANUAL QA WORKBOOK
A2: Purpose | B2: Manual acceptance checklist for ending v1-rearchitecture and validating v1-finalization.
A3: Status | B3: Use NOT RUN / PASS / FAIL / BLOCKED / N/A dropdown. Enter evidence and issue reference for anything not PASS.
A4: Priority | B4: P0 = release blocking core/safety contract. P1 = important quality/coverage; evaluate before release.
A5: Retest | B5: Set YES while waiting for a fix, then PASS/FAIL after verification.
A6: Branch | B6: v1-finalization created from v1-rearchitecture HEAD f8b99f6e4d22a2e7f6de43ebe0601c3f429ab3d1.
A7: Important stale-doc finding | B7: docs/RELEASE-MANUAL-CHECKLIST.md still contains old flags such as --manager, --configure, --doctor and --uninstall. Treat workbook/current README as the current CLI contract and fix the checklist during finalization.
A8: Source 1 | B8: https://github.com/l0N9X69N/Codex-Monitor/blob/v1-finalization/README.md
A9: Source 2 | B9: https://github.com/l0N9X69N/Codex-Monitor/blob/v1-finalization/docs/RELEASE-MANUAL-CHECKLIST.md
A10: Source 3 | B10: https://github.com/l0N9X69N/Codex-Monitor/tree/v1-finalization
